# group	deck	word	translation (ru, по смыслу)	alternatives (|)	example	example translation
Speaking	Answering like a pro	a short definition	краткое определение	short definition	First, a short definition.	Сначала — краткое определение.
Speaking	Answering like a pro	Here's a clean definition.	Вот чёткое определение.	Here is a clean definition	Here's a clean definition. A closure is a function, together with a reference to the lexical environment where it was created.	Вот чёткое определение. Замыкание — это функция вместе со ссылкой на лексическое окружение, в котором она создана.
Speaking	Answering like a pro	Let me give you an example.	Давайте приведу пример.	Let me give an example
Speaking	Answering like a pro	Why does this matter?	Почему это важно?	Why does it matter
Speaking	Answering like a pro	why it matters in real code	почему это важно в реальном коде	why it matters	Third, why it matters in real code.	Третье — почему это важно в реальном коде.
Speaking	Answering like a pro	Here's the key difference.	Вот ключевое отличие.	Here is the key difference	Here's the key difference. Primitives are immutable, and they're compared by value.	Вот ключевое отличие: примитивы неизменяемы и сравниваются по значению.
Speaking	Answering like a pro	Think of it this way.	Посмотрите на это так; проще говоря	Think of it this way	Think of it this way. Undefined means: nobody gave this a value yet.	Посмотрите на это так: undefined значит «значение ещё никто не присвоил».
Speaking	Answering like a pro	The correct answer is no.	Правильный ответ — нет.	The correct answer is
Speaking	Answering like a pro	Here's the answer I'd give in an interview.	Вот как я бы ответил на собеседовании.	Here is the answer I would give
Speaking	Answering like a pro	It depends on how the function is called.	Это зависит от того, как вызвана функция.	It depends on
Speaking	Answering like a pro	not by accident	не случайно	not accidentally	...and, not by accident, the things interviewers love to ask about first.	...и, не случайно, именно об этом интервьюеры любят спрашивать первым делом.
Speaking	Answering like a pro	a follow-up question	уточняющий (дополнительный) вопрос	follow-up question|follow-up	Which leads to a great follow-up question: is JavaScript pass-by-reference?	Отсюда отличный уточняющий вопрос: передаёт ли JavaScript по ссылке?
Speaking	Answering like a pro	out loud	вслух	aloud	Answer the question out loud, in English.	Ответьте на вопрос вслух, по-английски.
Speaking	Answering like a pro	from memory	по памяти	by heart	Write your own version of bind from memory.	Напишите свою версию bind по памяти.
Speaking	Answering like a pro	with no notes	без подсказок, без шпаргалки	without notes
Speaking	Talking about ideas	a classic trap	классическая ловушка	classic trap	Now, a classic trap. What does typeof return for null?	А теперь классическая ловушка: что возвращает typeof для null?
Speaking	Talking about ideas	a trap many candidates fall into	ловушка, в которую попадают многие кандидаты	fall into a trap	And this is a trap many candidates fall into.	И в эту ловушку попадают многие кандидаты.
Speaking	Talking about ideas	It's not a feature, it's a bug.	Это не фича, а баг.	It is not a feature, it is a bug
Speaking	Talking about ideas	for backward compatibility	ради обратной совместимости	backward compatibility	...kept forever for backward compatibility.	...оставлено навсегда ради обратной совместимости.
Speaking	Talking about ideas	on purpose	намеренно, специально	intentionally|deliberately	Null means: this is empty on purpose.	Null значит: здесь пусто намеренно.
Speaking	Talking about ideas	technically true	формально верно	technically correct	...which is technically true, but not what you asked.	...что формально верно, но спрашивали не об этом.
Speaking	Talking about ideas	Yes, really.	Да, правда.	really
Speaking	Talking about ideas	surprising	неожиданный, удивительный		And the conversion rules are... surprising.	А правила преобразования... неожиданные.
Speaking	Talking about ideas	a trade-off	компромисс, цена решения	trade-off|tradeoff	Remember the trade-off: the method is created for every instance.	Помните о цене решения: метод создаётся для каждого экземпляра.
Speaking	Talking about ideas	a dark side	обратная сторона	dark side	But closures have a dark side too. Memory leaks.	Но у замыканий есть и обратная сторона — утечки памяти.
Speaking	Talking about ideas	keep in mind	иметь в виду, помнить	bear in mind	Keep that structure in mind today.	Держите эту структуру в голове сегодня.
Speaking	Talking about ideas	by default	по умолчанию	default	I use triple equals by default.	По умолчанию я использую строгое равенство.
Speaking	Talking about ideas	in modern code	в современном коде	modern code	I never use var in modern code.	В современном коде я никогда не использую var.
Speaking	Talking about ideas	step by step	пошагово, шаг за шагом		What does the new keyword do, step by step?	Что делает new — по шагам?
Speaking	Talking about ideas	you're already ahead of most candidates	вы уже впереди большинства кандидатов	ahead of most candidates
Speaking	Talking about ideas	behind the scenes	под капотом, «за кулисами»	under the hood	The things that happen behind every single line of code you write.	То, что происходит за каждой строкой вашего кода.
Basics	Types and values	a data type	тип данных	data type	How many data types does JavaScript have?	Сколько типов данных в JavaScript?
Basics	Types and values	a primitive	примитив (примитивный тип)	primitive	Seven primitives, and one object type.	Семь примитивов и один объектный тип.
Basics	Types and values	immutable	неизменяемый	immutable	Primitives are immutable.	Примитивы неизменяемы.
Basics	Types and values	mutable	изменяемый		Objects are mutable, and they're compared by reference.	Объекты изменяемы и сравниваются по ссылке.
Basics	Types and values	compared by value	сравнивается по значению	compare by value	Primitives are compared by value.	Примитивы сравниваются по значению.
Basics	Types and values	compared by reference	сравнивается по ссылке	compare by reference	Objects are compared by reference.	Объекты сравниваются по ссылке.
Basics	Types and values	in memory	в памяти		Because they are two different objects in memory.	Потому что это два разных объекта в памяти.
Basics	Types and values	a value	значение	value
Basics	Types and values	a property	свойство (объекта)	property
Basics	Types and values	a key	ключ	key	Two objects with the same keys and the same values are still not equal.	Два объекта с одинаковыми ключами и значениями всё равно не равны.
Basics	Types and values	a missing argument	непереданный аргумент	missing argument	For a missing argument, JavaScript sets undefined.	Для непереданного аргумента JavaScript подставляет undefined.
Basics	Types and values	to declare a variable	объявить переменную	declare a variable|declare	A variable you declared but didn't assign.	Переменная, которую объявили, но не присвоили.
Basics	Types and values	to assign a value	присвоить значение	assign a value|assign
Basics	Types and values	floating point	число с плавающей точкой	floating-point	JavaScript numbers are binary floating point.	Числа в JavaScript — двоичные с плавающей точкой.
Basics	Types and values	a tiny bit off	чуть-чуть неточный, слегка расходится	a bit off	So the sum is just a tiny bit off.	Поэтому сумма чуть-чуть расходится.
Basics	Types and values	whole numbers	целые числа	whole number|integers	For money, store whole numbers, like cents.	Для денег храните целые числа — например, центы.
Basics	Equality and coercion	strict equality	строгое равенство	strict equals	Triple equals is strict equality.	Тройное равно — это строгое равенство.
Basics	Equality and coercion	loose equality	нестрогое равенство	loose equals	Double equals is loose equality.	Двойное равно — нестрогое равенство.
Basics	Equality and coercion	type coercion	приведение типов	coercion	This automatic conversion has a name. Type coercion.	У этого автоматического преобразования есть название — приведение типов.
Basics	Equality and coercion	to convert	преобразовывать, приводить (к типу)	convert	Double equals converts the types first, and only then compares.	Двойное равно сначала приводит типы и только потом сравнивает.
Basics	Equality and coercion	with no conversion at all	вообще без преобразования	no conversion	It compares the value and the type, with no conversion at all.	Оно сравнивает значение и тип вообще без преобразований.
Basics	Equality and coercion	falsy	ложноподобное (даёт false в условии)	falsy value	There are exactly eight falsy values.	Ложноподобных значений ровно восемь.
Basics	Equality and coercion	truthy	истинноподобное (даёт true в условии)	truthy value	Everything else is truthy. Including an empty array.	Всё остальное истинноподобно — включая пустой массив.
Basics	Equality and coercion	an empty string	пустая строка	empty string
Basics	Equality and coercion	an empty array	пустой массив	empty array
Basics	Equality and coercion	to glue strings together	склеивать строки	glue strings	The plus operator glues strings together if either side is a string.	Плюс склеивает строки, если хотя бы с одной стороны строка.
Basics	Equality and coercion	either side	любая из сторон, хотя бы одна сторона	either	...if either side is a string.	...если хотя бы с одной стороны строка.
Basics	Equality and coercion	the nullish coalescing operator	оператор нулевого слияния (??)	nullish coalescing|nullish coalescing operator	Prefer the nullish coalescing operator over the logical OR.	Предпочитайте оператор ?? логическому ИЛИ.
Basics	Equality and coercion	the logical OR	логическое ИЛИ (||)	logical OR	Logical OR replaces zero and empty strings.	Логическое ИЛИ заменяет ноль и пустые строки.
Basics	Equality and coercion	a perfectly valid value	вполне допустимое значение	valid value	...which are often perfectly valid values.	...которые часто вполне допустимые значения.
Basics	Equality and coercion	Not-a-Number	«не число» (NaN)	NaN|not a number	NaN is the only value that is not equal to itself.	NaN — единственное значение, не равное самому себе.
Basics	Equality and coercion	to check against null	сравнивать с null	check for null	The only loose equality I accept is checking a value against null.	Единственное нестрогое сравнение, которое я допускаю, — проверка на null.
Basics	Copying and passing	an independent copy	независимая копия	independent copy	When you copy a primitive, you get an independent copy.	Копируя примитив, вы получаете независимую копию.
Basics	Copying and passing	to point to the same object	указывать на один и тот же объект	point to the same object	Both variables now point to the same object.	Теперь обе переменные указывают на один объект.
Basics	Copying and passing	pass-by-value	передача по значению	pass by value	JavaScript is always pass-by-value.	JavaScript всегда передаёт по значению.
Basics	Copying and passing	pass-by-reference	передача по ссылке	pass by reference	Is JavaScript pass-by-reference?	Передаёт ли JavaScript по ссылке?
Basics	Copying and passing	the caller	вызывающий код	caller	The caller will see it.	Вызывающий код это увидит.
Basics	Copying and passing	to reassign	переприсвоить	reassign	If you reassign the parameter, the caller won't notice anything.	Если переприсвоить параметр, вызывающий код ничего не заметит.
Basics	Copying and passing	a shallow copy	поверхностная копия	shallow copy	The spread operator gives you a shallow copy.	Spread даёт поверхностную копию.
Basics	Copying and passing	a deep copy	глубокая копия	deep copy	For a deep copy, use structuredClone.	Для глубокой копии используйте structuredClone.
Basics	Copying and passing	the spread operator	оператор расширения (spread, ...)	spread operator|spread
Basics	Copying and passing	only the top level	только верхний уровень	top level
Basics	Copying and passing	a nested object	вложенный объект	nested object	A shallow copy with a mutated nested object.	Поверхностная копия с изменённым вложенным объектом.
Basics	Copying and passing	to update state immutably	обновлять состояние иммутабельно (без изменения исходного)	update immutably	In React, state must be updated immutably.	В React состояние нужно обновлять иммутабельно.
Basics	Copying and passing	to re-render	перерисовываться (о компоненте)	rerender	My component doesn't re-render.	Мой компонент не перерисовывается.
Scope	Scope	scope	область видимости	scope	Scope is simply where a variable is visible.	Область видимости — это просто то, где видна переменная.
Scope	Scope	global scope	глобальная область видимости
Scope	Scope	function scope	область видимости функции
Scope	Scope	block scope	блочная область видимости	block-scoped	Let and const are block-scoped.	let и const имеют блочную область видимости.
Scope	Scope	function-scoped	с областью видимости функции	function scoped	Var is function-scoped. It ignores blocks completely.	var видна во всей функции и полностью игнорирует блоки.
Scope	Scope	visible	видимый, доступный
Scope	Scope	lexical scope	лексическая область видимости	lexical scoping	JavaScript uses lexical scope.	В JavaScript лексическая область видимости.
Scope	Scope	where the code is written	где написан код	where it is written	Visibility is decided by where the code is written, not by where it's called.	Видимость определяется тем, где написан код, а не тем, где он вызван.
Scope	Scope	the scope chain	цепочка областей видимости	scope chain	That path is called the scope chain.	Этот путь называется цепочкой областей видимости.
Scope	Scope	curly braces	фигурные скобки	braces	Block scope means anything between curly braces.	Блочная область — всё между фигурными скобками.
Scope	Scope	the outer scope	внешняя область видимости	outer scope
Scope	Hoisting	hoisting	всплытие (hoisting)	hoisted	What is hoisting, exactly?	Что такое hoisting — точнее?
Scope	Hoisting	to be hoisted	всплывать (подниматься в начало области)	hoisted|is hoisted	Let is hoisted, but it stays in a special state.	let всплывает, но остаётся в особом состоянии.
Scope	Hoisting	initialized	инициализированный	initialised	Var is hoisted and initialized with undefined.	var всплывает и инициализируется undefined.
Scope	Hoisting	the Temporal Dead Zone	временная мёртвая зона (TDZ)	Temporal Dead Zone|TDZ	That state has a dramatic name. The Temporal Dead Zone.	У этого состояния драматичное название — временная мёртвая зона.
Scope	Hoisting	to shadow a variable	затенять переменную	shadow	The inner x is shadowing the outer one.	Внутренний x затеняет внешний.
Scope	Hoisting	the creation phase	фаза создания	creation phase	JavaScript first registers all the declarations. That's called the creation phase.	Сначала JavaScript регистрирует все объявления — это фаза создания.
Scope	Hoisting	the execution context	контекст выполнения	execution context	It's just how the execution context is prepared.	Так просто готовится контекст выполнения.
Scope	Hoisting	a declaration	объявление	declaration
Scope	Hoisting	a function declaration	объявление функции (function declaration)	function declaration	A function declaration is hoisted completely, together with its body.	Объявление функции всплывает целиком, вместе с телом.
Scope	Hoisting	a function expression	функциональное выражение	function expression
Scope	Hoisting	an arrow function	стрелочная функция	arrow function|arrow	Arrow functions don't have their own this.	У стрелочных функций нет своего this.
Scope	Hoisting	Nothing is physically moved.	Физически ничего не переносится.	nothing is moved
Closures	Closures	a closure	замыкание	closure	A closure is a function, together with a reference to the lexical environment.	Замыкание — это функция вместе со ссылкой на лексическое окружение.
Closures	Closures	the lexical environment	лексическое окружение	lexical environment
Closures	Closures	to capture a variable	захватывать переменную	capture	A closure captures the variable itself, not a snapshot of its value.	Замыкание захватывает саму переменную, а не снимок её значения.
Closures	Closures	a snapshot	снимок (состояния)	snapshot
Closures	Closures	even after the outer function has finished	даже после того, как внешняя функция завершилась	after the outer function has finished
Closures	Closures	the call stack	стек вызовов	call stack	Gone from the call stack.	Её уже нет в стеке вызовов.
Closures	Closures	private state	приватное состояние	private	That variable lives on, privately, inside the closure.	Эта переменная продолжает жить — приватно, внутри замыкания.
Closures	Closures	a callback	колбэк, функция обратного вызова	callback	The callbacks run after the loop has finished.	Колбэки выполняются после завершения цикла.
Closures	Closures	shared by all callbacks	общая для всех колбэков	shared	There is only one counter variable, shared by all three callbacks.	Есть лишь одна переменная-счётчик, общая для всех трёх колбэков.
Closures	Closures	a new binding for every iteration	новая привязка на каждой итерации	new binding	Let creates a brand new binding for every iteration of the loop.	let создаёт новую привязку на каждой итерации цикла.
Closures	Closures	an iteration	итерация (проход цикла)	iteration
Closures	Closures in practice	a function factory	фабрика функций	function factories
Closures	Closures in practice	an event handler	обработчик события	event handler	Event handlers that remember which item they belong to.	Обработчики событий, которые помнят, к какому элементу относятся.
Closures	Closures in practice	debounce	дебаунс (выполнить после паузы)	debouncing
Closures	Closures in practice	throttle	троттлинг (не чаще раза за период)	throttling
Closures	Closures in practice	memoization	мемоизация (кэширование результатов)	memoisation	Memoization, where the cache lives in a closure.	Мемоизация, где кэш живёт в замыкании.
Closures	Closures in practice	a memory leak	утечка памяти	memory leak	But closures have a dark side too. Memory leaks.	Но у замыканий есть обратная сторона — утечки памяти.
Closures	Closures in practice	reachable	достижимый (на него есть ссылка)		As long as a closure is reachable, its variables can't be garbage-collected.	Пока замыкание достижимо, его переменные не могут быть собраны сборщиком мусора.
Closures	Closures in practice	to be garbage-collected	быть собранным сборщиком мусора	garbage-collected|garbage collected
Closures	Closures in practice	an event listener	слушатель события	event listener
Closures	Closures in practice	to remove event listeners	удалять слушатели событий	remove listeners	Remove event listeners. Clear your timers.	Удаляйте слушатели событий. Очищайте таймеры.
Closures	Closures in practice	a cleanup function	функция очистки	cleanup	Always return a cleanup function from useEffect.	Всегда возвращайте функцию очистки из useEffect.
Closures	Closures in practice	a stale closure	устаревшее замыкание	stale closure	A stale closure keeps using an outdated value.	Устаревшее замыкание продолжает использовать старое значение.
Closures	Closures in practice	an outdated value	устаревшее значение	outdated value
Closures	Closures in practice	a dependency array	массив зависимостей	dependency array	A setInterval inside useEffect with an empty dependency array.	setInterval внутри useEffect с пустым массивом зависимостей.
Closures	Closures in practice	the functional update form	функциональная форма обновления	functional update	Use the functional update form of the setter.	Используйте функциональную форму сеттера.
Closures	Closures in practice	simple discipline	простая дисциплина, аккуратность	discipline	The fix is simple discipline.	Лечится простой аккуратностью.
this	The keyword this	at call time	в момент вызова	call time	For regular functions, this is decided at call time.	У обычных функций this определяется в момент вызова.
this	The keyword this	a priority order	порядок приоритета	priority	There are four rules, and they have a priority order.	Правил четыре, и у них есть порядок приоритета.
this	The keyword this	explicit binding	явная привязка	explicit	Explicit binding. Call, apply, and bind.	Явная привязка: call, apply и bind.
this	The keyword this	implicit binding	неявная привязка	implicit	When you call a method on an object, this is the object before the dot.	Когда вызываете метод объекта, this — объект перед точкой.
this	The keyword this	default binding	привязка по умолчанию
this	The keyword this	strict mode	строгий режим	strict	In strict mode, this is undefined.	В строгом режиме this равно undefined.
this	The keyword this	the global object	глобальный объект	global object
this	The keyword this	the object before the dot	объект перед точкой
this	The keyword this	to lose this	потерять this	losing this	What does losing this mean?	Что значит «потерять this»?
this	The keyword this	to pass a method as a callback	передать метод как колбэк	pass as a callback	When you pass a method as a callback, you pass only the function.	Передавая метод как колбэк, вы передаёте только функцию.
this	The keyword this	to wrap the call in an arrow function	обернуть вызов в стрелочную функцию	wrap in an arrow function
this	The keyword this	to run immediately	выполнить сразу	run immediately	Call and apply both run the function immediately.	call и apply сразу вызывают функцию.
this	The keyword this	one by one	по одному	one at a time	Call takes arguments one by one.	call принимает аргументы по одному.
this	The keyword this	locked in place	жёстко зафиксированный	locked	It returns a new function, with this locked in place forever.	Она возвращает новую функцию с навсегда зафиксированным this.
this	The keyword this	a class field	поле класса	class field	Define the method as an arrow function in a class field.	Объявите метод стрелочной функцией в поле класса.
Objects	Prototypes	a prototype	прототип	prototype	Every object has a hidden link to another object. That other object is its prototype.	У каждого объекта есть скрытая ссылка на другой объект — его прототип.
Objects	Prototypes	the prototype chain	цепочка прототипов	prototype chain	This is the prototype chain.	Это и есть цепочка прототипов.
Objects	Prototypes	a hidden link	скрытая ссылка	hidden link
Objects	Prototypes	inheritance	наследование		This is how inheritance works in JavaScript.	Так работает наследование в JavaScript.
Objects	Prototypes	to inherit from	наследовать от	inherit	Objects inherit directly from other objects.	Объекты наследуют напрямую от других объектов.
Objects	Prototypes	an own property	собственное свойство	own property	Writing always creates the object's own property.	Запись всегда создаёт собственное свойство объекта.
Objects	Prototypes	to walk up the chain	подниматься по цепочке	walk up the chain	Reading a property walks up the chain. Writing does not.	Чтение свойства идёт вверх по цепочке, запись — нет.
Objects	Prototypes	a constructor function	функция-конструктор	constructor	The prototype property exists on constructor functions and classes.	Свойство prototype есть у функций-конструкторов и классов.
Objects	Prototypes	an instance	экземпляр	instance	...the prototype of every instance created with new.	...прототип каждого экземпляра, созданного через new.
Objects	Prototypes	one shared copy	одна общая копия	shared copy	On the prototype, there's one shared copy for all instances.	На прототипе одна общая копия на все экземпляры.
Objects	Prototypes	to waste memory	тратить память впустую	waste memory	Every single instance gets its own copy. That wastes memory.	Каждый экземпляр получает свою копию — это пустая трата памяти.
Objects	Classes and new	syntactic sugar	синтаксический сахар	sugar	A class is mostly syntactic sugar over constructor functions and prototypes.	Класс — в основном синтаксический сахар над функциями-конструкторами и прототипами.
Objects	Classes and new	private fields	приватные поля	private field	You get truly private fields, marked with a hash sign.	Появляются по-настоящему приватные поля, помеченные решёткой.
Objects	Classes and new	a hash sign	решётка (#)	hash|pound sign
Objects	Classes and new	to extend a class	наследовать класс (extends)	extend	When you extend a class, JavaScript connects two chains.	При наследовании класса JavaScript связывает две цепочки.
Objects	Classes and new	static methods	статические методы	static method
Objects	Classes and new	a child class	дочерний класс	child class|subclass	In a child class, you must call super before you use this.	В дочернем классе нужно вызвать super до использования this.
Objects	Classes and new	the parent constructor	родительский конструктор	parent constructor	It's the parent constructor that actually creates the object.	Именно родительский конструктор создаёт объект.
Objects	Classes and new	to link to the prototype	связать с прототипом	link	It links that object to the constructor's prototype.	Он связывает этот объект с прототипом конструктора.
Objects	Classes and new	to return explicitly	явно вернуть	explicitly return	Unless the constructor explicitly returns a different object.	Если только конструктор явно не вернёт другой объект.
Objects	Classes and new	calmly	спокойно, уверенно		If you can explain those four steps calmly, you're already ahead of most candidates.	Если вы спокойно объясните эти четыре шага, вы уже впереди большинства кандидатов.
