# Vocabulary (flashcards) sections of the 12 day files in Drive › interview-prep (EPAM Full-stack Prep, 1–12 Oct 2026).
# group	deck	word	translation (ru, по смыслу)	alternatives (|)	example	example translation
JavaScript	JS core	lexical scope	лексическая область видимости	lexical scoping	Scope is lexical: it's resolved by where the code is written, not where it runs.	Область видимости лексическая: она определяется тем, где код написан, а не где он выполняется.
JavaScript	JS core	to hoist / hoisting	поднимать (объявление); поднятие, hoisting	hoist|hoisting|to hoist	let is hoisted too, but it's not initialised until its line runs.	let тоже поднимается, но не инициализируется, пока не выполнится его строка.
JavaScript	JS core	temporal dead zone	временная мёртвая зона (TDZ)	TDZ	Accessing a let variable before its declaration throws, because it's in the temporal dead zone.	Обращение к let-переменной до объявления бросает ошибку: она во временной мёртвой зоне.
JavaScript	JS core	call site	место вызова	the call site	this is decided by the call site, not by where the function is defined.	this определяется местом вызова, а не тем, где функция объявлена.
JavaScript	JS core	to capture a variable	захватывать переменную (в замыкание)	capture a variable	The inner function captures the count variable and keeps it alive.	Внутренняя функция захватывает переменную count и держит её живой.
JavaScript	JS core	enclosing scope	внешняя (объемлющая) область видимости	outer scope	Arrow functions take this from the enclosing scope.	Стрелочные функции берут this из внешней области видимости.
JavaScript	JS core	implicit / explicit binding	неявная / явная привязка this	implicit binding|explicit binding	obj.method() is implicit binding; call, apply and bind are explicit binding.	obj.method() — неявная привязка; call, apply и bind — явная.
JavaScript	JS core	type coercion	приведение типов	coercion	== applies type coercion, === does not.	== применяет приведение типов, === — нет.
JavaScript	JS core	falsy / truthy	ложные / истинные значения (при приведении к boolean)	falsy|truthy	Empty string, 0, null, undefined and NaN are falsy.	Пустая строка, 0, null, undefined и NaN — falsy-значения.
JavaScript	JS core	partial application	частичное применение		bind with preset arguments is a form of partial application.	bind с заранее заданными аргументами — это форма частичного применения.
JavaScript	JS core	under the hood	«под капотом», внутри		Under the hood, class syntax still uses prototypes.	Под капотом синтаксис классов всё равно использует прототипы.
JavaScript	JS core	the gotcha here is…	подвох здесь в том, что…	the gotcha here is|gotcha	The gotcha here is that typeof null returns 'object'.	Подвох здесь в том, что typeof null возвращает 'object'.
JavaScript	Async JS & event loop	call stack	стек вызовов	stack	Synchronous code runs on the call stack first.	Синхронный код сначала выполняется в стеке вызовов.
JavaScript	Async JS & event loop	microtask / macrotask queue	очередь микрозадач / макрозадач	microtask queue|macrotask queue|microtask|macrotask	Promise callbacks go to the microtask queue, timers to the macrotask queue.	Колбэки промисов попадают в очередь микрозадач, таймеры — в очередь макрозадач.
JavaScript	Async JS & event loop	to drain the queue	полностью опустошить (обработать) очередь	drain the queue	The loop drains the whole microtask queue before the next macrotask.	Цикл полностью опустошает очередь микрозадач перед следующей макрозадачей.
JavaScript	Async JS & event loop	to settle / settled	завершиться (о промисе); завершённый — выполнен или отклонён	settle|settled|to settle	A promise settles once: either fulfilled or rejected.	Промис завершается один раз: либо выполнен, либо отклонён.
JavaScript	Async JS & event loop	fail fast	падать сразу (при первой ошибке)	fail-fast	Promise.all fails fast: it rejects as soon as one promise rejects.	Promise.all падает сразу: отклоняется, как только отклонится один промис.
JavaScript	Async JS & event loop	non-blocking	неблокирующий	nonblocking	I/O in JavaScript is non-blocking, so the thread stays free.	Ввод-вывод в JavaScript неблокирующий, поэтому поток остаётся свободным.
JavaScript	Async JS & event loop	prototype chain	цепочка прототипов	the prototype chain	Property lookup walks the prototype chain until it reaches null.	Поиск свойства идёт по цепочке прототипов, пока не дойдёт до null.
JavaScript	Async JS & event loop	syntactic sugar	синтаксический сахар	sugar	class and extends are syntactic sugar over prototypes.	class и extends — синтаксический сахар над прототипами.
JavaScript	Async JS & event loop	exponential backoff	экспоненциальная задержка (между повторами)	backoff	The retry helper waits with exponential backoff: 1 s, 2 s, 4 s.	Функция повтора ждёт с экспоненциальной задержкой: 1 с, 2 с, 4 с.
JavaScript	Async JS & event loop	this runs asynchronously, so…	это выполняется асинхронно, поэтому…	this runs asynchronously so|this runs asynchronously	This runs asynchronously, so the log after it prints first.	Это выполняется асинхронно, поэтому лог после него напечатается первым.
TypeScript	TypeScript	structural typing	структурная типизация	structural type system	TypeScript uses structural typing: compatibility is by shape, not by name.	В TypeScript структурная типизация: совместимость по форме, а не по имени.
TypeScript	TypeScript	to narrow a type	сужать тип	narrow a type|narrowing	I narrow the type with typeof before using the value.	Я сужаю тип через typeof, прежде чем использовать значение.
TypeScript	TypeScript	type guard	защитник типа (функция-предикат типа)	type guards	A custom type guard returns x is User.	Пользовательский защитник типа возвращает x is User.
TypeScript	TypeScript	discriminated union	размеченное объединение (union с общим полем-признаком)	tagged union	A discriminated union shares a literal field like kind.	У размеченного объединения есть общее литеральное поле, например kind.
TypeScript	TypeScript	exhaustive check	проверка на полноту (всех вариантов)	exhaustiveness check	Assigning to never in default gives an exhaustive check.	Присваивание к never в default даёт проверку на полноту вариантов.
TypeScript	TypeScript	generic constraint	ограничение дженерика	constraint	extends keyof T is a generic constraint.	extends keyof T — это ограничение дженерика.
TypeScript	TypeScript	mapped / conditional type	отображённый / условный тип	mapped type|conditional type	Partial is a mapped type; ReturnType is a conditional type with infer.	Partial — отображённый тип; ReturnType — условный тип с infer.
TypeScript	TypeScript	type inference	вывод типов	inference	Thanks to type inference I rarely annotate local variables.	Благодаря выводу типов я редко аннотирую локальные переменные.
TypeScript	TypeScript	runtime vs compile time	во время выполнения vs во время компиляции	runtime|compile time	Types exist at compile time only, so I still validate at runtime.	Типы существуют только на этапе компиляции, поэтому я всё равно валидирую во время выполнения.
TypeScript	TypeScript	type-safe end to end	типобезопасный от начала до конца (фронт и бэк)	type-safe|end to end	Shared DTO types make the app type-safe end to end.	Общие DTO-типы делают приложение типобезопасным от начала до конца.
React	React core	to trigger a re-render	вызывать повторный рендер	trigger a re-render|re-render	A state update triggers a re-render of that component.	Обновление состояния вызывает повторный рендер этого компонента.
React	React core	render phase / commit phase	фаза рендера / фаза коммита	render phase|commit phase	The render phase is pure; the commit phase touches the DOM.	Фаза рендера чистая; фаза коммита меняет DOM.
React	React core	reconciliation	согласование (сравнение деревьев, reconciliation)	diffing	During reconciliation React diffs the new tree with the old one.	Во время согласования React сравнивает новое дерево со старым.
React	React core	to batch updates	группировать обновления	batch updates|batching	React 18 batches updates even inside promises and timeouts.	React 18 группирует обновления даже внутри промисов и таймаутов.
React	React core	dependency array	массив зависимостей	deps array|deps	An empty dependency array means the effect runs once.	Пустой массив зависимостей означает, что эффект выполнится один раз.
React	React core	stale closure	устаревшее замыкание	stale closures	The interval kept the first count: a classic stale closure.	Интервал запомнил первое значение count — классическое устаревшее замыкание.
React	React core	cleanup function	функция очистки	cleanup	The cleanup function clears the interval on unmount.	Функция очистки сбрасывает интервал при размонтировании.
React	React core	derived state	производное состояние	derived data	The count of active items is derived state, so I compute it in render.	Число активных элементов — производное состояние, поэтому я считаю его при рендере.
React	React core	single source of truth	единственный источник истины	source of truth	A controlled input keeps React state as the single source of truth.	У контролируемого инпута состояние React — единственный источник истины.
React	React core	race condition	состояние гонки	race	Without abort, a slow old request can win the race condition and overwrite new data.	Без abort медленный старый запрос может выиграть гонку и перезаписать новые данные.
React	React advanced & state	to lift state up / to move state down	поднимать состояние вверх / опускать состояние вниз	lift state up|move state down	First I move state down so the whole page doesn't re-render.	Сначала я опускаю состояние вниз, чтобы не перерисовывалась вся страница.
React	React advanced & state	memoization	мемоизация	memoisation	Memoization has a cost, so I measure before adding useMemo.	У мемоизации есть цена, поэтому я измеряю, прежде чем добавлять useMemo.
React	React advanced & state	referential equality	равенство по ссылке	reference equality	React.memo compares props by referential equality.	React.memo сравнивает пропсы по ссылке.
React	React advanced & state	server state vs client state	серверное состояние vs клиентское состояние	server state|client state	Server state goes to TanStack Query, client state to Zustand.	Серверное состояние — в TanStack Query, клиентское — в Zustand.
React	React advanced & state	to invalidate the cache	инвалидировать (сбросить) кэш	invalidate the cache|invalidate	After the mutation I invalidate the cache for the tasks query.	После мутации я инвалидирую кэш запроса задач.
React	React advanced & state	code splitting	разделение кода (на чанки)	code-splitting	Code splitting by route keeps the initial bundle small.	Разделение кода по маршрутам держит начальный бандл маленьким.
React	React advanced & state	lazy loading	ленивая (отложенная) загрузка	lazy load	Heavy widgets use lazy loading with React.lazy.	Тяжёлые виджеты используют ленивую загрузку через React.lazy.
React	React advanced & state	fallback UI	запасной интерфейс (пока грузится или при ошибке)	fallback	Suspense shows a fallback UI while the chunk loads.	Suspense показывает запасной интерфейс, пока грузится чанк.
React	React advanced & state	non-urgent update	несрочное обновление	non-urgent	useTransition marks filtering as a non-urgent update.	useTransition помечает фильтрацию как несрочное обновление.
React	React advanced & state	hydration	гидратация (оживление серверной разметки)	hydrate	After SSR, hydration attaches event handlers to the server-rendered HTML.	После SSR гидратация привязывает обработчики событий к серверной разметке.
Web & algorithms	Web basics & algorithms	time / space complexity	временная / пространственная сложность	time complexity|space complexity	State the time and space complexity for every solution.	Называйте временную и пространственную сложность для каждого решения.
Web & algorithms	Web basics & algorithms	this is O(n) because…	это O(n), потому что…	this is O(n) because|O(n)	This is O(n) because we go through the array once.	Это O(n), потому что мы проходим по массиву один раз.
Web & algorithms	Web basics & algorithms	brute force first, then optimise	сначала решение «в лоб», потом оптимизация	brute force|brute force first	I'll do brute force first, then optimise with a hash map.	Сначала сделаю решение в лоб, потом оптимизирую через хеш-таблицу.
Web & algorithms	Web basics & algorithms	edge case	граничный (крайний) случай	edge cases|corner case	Edge cases: empty array, all equal, negative numbers.	Граничные случаи: пустой массив, все элементы равны, отрицательные числа.
Web & algorithms	Web basics & algorithms	trade-off	компромисс, цена решения	tradeoff	Every cache is a trade-off between speed and freshness.	Любой кэш — компромисс между скоростью и свежестью данных.
Web & algorithms	Web basics & algorithms	bottleneck	узкое место	bottlenecks	Profiling showed the bottleneck was the API, not rendering.	Профилирование показало, что узкое место — API, а не рендеринг.
Web & algorithms	Web basics & algorithms	long task	долгая задача (блокирует главный поток дольше 50 мс)	long tasks	A long task blocks the main thread and hurts INP.	Долгая задача блокирует главный поток и ухудшает INP.
Web & algorithms	Web basics & algorithms	layout shift	сдвиг макета (CLS)	CLS|cumulative layout shift	Explicit image sizes prevent layout shift.	Явные размеры изображений предотвращают сдвиг макета.
Web & algorithms	Web basics & algorithms	to virtualise a list	виртуализировать список	virtualise a list|virtualize a list|virtualization	For 10,000 rows I virtualise the list and render only the visible part.	Для 10 000 строк я виртуализирую список и рендерю только видимую часть.
Web & algorithms	Web basics & algorithms	specificity	специфичность (CSS)	CSS specificity	An id selector has higher specificity than a class.	У селектора по id специфичность выше, чем у класса.
Web & algorithms	Web basics & algorithms	semantic markup	семантическая разметка	semantic HTML	Semantic markup helps screen readers and SEO.	Семантическая разметка помогает скринридерам и SEO.
Node.js	Node.js	non-blocking I/O	неблокирующий ввод-вывод	nonblocking I/O|non-blocking IO	Node serves many connections thanks to non-blocking I/O.	Node обслуживает много соединений благодаря неблокирующему вводу-выводу.
Node.js	Node.js	thread pool	пул потоков	threadpool	libuv's thread pool handles fs, DNS and crypto work.	Пул потоков libuv выполняет работу с файлами, DNS и криптографией.
Node.js	Node.js	to block the event loop	блокировать цикл событий	block the event loop	A big synchronous JSON.parse blocks the event loop for everyone.	Большой синхронный JSON.parse блокирует цикл событий для всех.
Node.js	Node.js	backpressure	обратное давление (потребитель медленнее источника)	back pressure	write() returning false is the backpressure signal.	write(), вернувший false, — это сигнал обратного давления.
Node.js	Node.js	heap snapshot	снимок кучи (памяти)	heap dump	I compare two heap snapshots to see which objects keep growing.	Я сравниваю два снимка кучи, чтобы увидеть, какие объекты продолжают расти.
Node.js	Node.js	retained size	удерживаемый размер (память, которая освободится при удалении объекта)	retained memory	Sort by retained size to find what holds the most memory.	Отсортируйте по удерживаемому размеру, чтобы найти, что держит больше всего памяти.
Node.js	Node.js	garbage collection	сборка мусора	GC|garbage collector	Memory that never returns after garbage collection is a leak.	Память, которая не освобождается после сборки мусора, — это утечка.
Node.js	Node.js	graceful shutdown	корректное (плавное) завершение работы	graceful stop	On SIGTERM I do a graceful shutdown: stop accepting requests, finish the open ones, close the DB.	По SIGTERM я делаю корректное завершение: перестаю принимать запросы, завершаю открытые, закрываю БД.
Node.js	Node.js	CPU-bound vs I/O-bound	ограниченный процессором vs ограниченный вводом-выводом	CPU-bound|I/O-bound|IO-bound	CPU-bound work goes to worker threads; I/O-bound work is fine on the loop.	Работу, ограниченную процессором, — в worker threads; ограниченная вводом-выводом нормально живёт в цикле событий.
Node.js	Node.js	it scales horizontally	это масштабируется горизонтально	scales horizontally|horizontal scaling	The API is stateless, so it scales horizontally behind a load balancer.	API без состояния, поэтому он масштабируется горизонтально за балансировщиком.
NestJS	NestJS	inversion of control	инверсия управления (IoC)	IoC	With inversion of control the container creates the classes, not my code.	При инверсии управления классы создаёт контейнер, а не мой код.
NestJS	NestJS	dependency graph	граф зависимостей	dependency tree	The IoC container builds the dependency graph at startup.	IoC-контейнер строит граф зависимостей при старте.
NestJS	NestJS	to inject a dependency	внедрять зависимость	inject a dependency|injection	I inject the dependency through the constructor.	Я внедряю зависимость через конструктор.
NestJS	NestJS	provider token	токен провайдера	injection token|token	A string or symbol provider token is used with @Inject.	Строковый или symbol-токен провайдера используется с @Inject.
NestJS	NestJS	cross-cutting concern	сквозная функциональность (логирование, кэш и т. п.)	cross-cutting concerns	Logging is a cross-cutting concern, so it lives in an interceptor.	Логирование — сквозная функциональность, поэтому оно живёт в интерцепторе.
NestJS	NestJS	request pipeline	конвейер обработки запроса	pipeline	The request pipeline is middleware, guards, interceptors, pipes, handler.	Конвейер запроса: middleware, guards, interceptors, pipes, обработчик.
NestJS	NestJS	thin controller	«тонкий» контроллер (без бизнес-логики)	thin controllers	A thin controller only maps HTTP to a service call.	Тонкий контроллер только отображает HTTP на вызов сервиса.
NestJS	NestJS	DTO (data transfer object)	DTO, объект передачи данных	DTO|data transfer object	The DTO describes the request body and carries validation decorators.	DTO описывает тело запроса и несёт декораторы валидации.
NestJS	NestJS	to whitelist fields	разрешать только перечисленные поля (остальные отбрасывать)	whitelist fields|whitelist	ValidationPipe with whitelist strips fields not declared in the DTO.	ValidationPipe с whitelist отбрасывает поля, не объявленные в DTO.
NestJS	NestJS	it's decoupled from the persistence layer	это не зависит от слоя хранения данных	decoupled from the persistence layer|decoupled|persistence layer	The service is decoupled from the persistence layer, so I can swap Prisma for an in-memory repo.	Сервис не зависит от слоя хранения, поэтому я могу заменить Prisma на in-memory-репозиторий.
Databases	Databases	foreign key	внешний ключ	FK	tasks.user_id is a foreign key to users.id.	tasks.user_id — внешний ключ на users.id.
Databases	Databases	primary key	первичный ключ	PK	The primary key uniquely identifies a row.	Первичный ключ однозначно идентифицирует строку.
Databases	Databases	to normalise / denormalise	нормализовать / денормализовать	normalise|denormalise|normalize|denormalize	I normalise to remove duplication and denormalise on purpose for reads.	Я нормализую, чтобы убрать дублирование, и денормализую намеренно ради чтения.
Databases	Databases	selectivity	селективность (доля строк, подходящих под условие)	selective	A boolean column has low selectivity, so an index rarely helps.	У булевой колонки низкая селективность, поэтому индекс редко помогает.
Databases	Databases	full table scan	полное сканирование таблицы	sequential scan|seq scan	EXPLAIN showed a full table scan, so I added an index.	EXPLAIN показал полное сканирование таблицы, поэтому я добавил индекс.
Databases	Databases	query plan	план запроса	execution plan	I read the query plan before and after adding the index.	Я смотрю план запроса до и после добавления индекса.
Databases	Databases	isolation level	уровень изоляции	isolation levels	Postgres uses Read Committed as the default isolation level.	Postgres использует Read Committed как уровень изоляции по умолчанию.
Databases	Databases	row-level lock	блокировка на уровне строки	row lock	SELECT FOR UPDATE takes a row-level lock.	SELECT FOR UPDATE берёт блокировку на уровне строки.
Databases	Databases	optimistic / pessimistic locking	оптимистичная / пессимистичная блокировка	optimistic locking|pessimistic locking	Optimistic locking uses a version column; pessimistic locking uses FOR UPDATE.	Оптимистичная блокировка использует колонку версии, пессимистичная — FOR UPDATE.
Databases	Databases	eager vs lazy loading	жадная vs ленивая загрузка (связей)	eager loading	Eager loading with include fixes the N+1 problem.	Жадная загрузка через include решает проблему N+1.
API & security	API, auth & security	idempotent	идемпотентный (повтор не меняет результат)	idempotency	PUT is idempotent; POST is not.	PUT идемпотентен; POST — нет.
API & security	API, auth & security	stateless / stateful	без состояния / с состоянием	stateless|stateful	JWT auth is stateless; sessions are stateful.	Аутентификация через JWT — без состояния; сессии — с состоянием.
API & security	API, auth & security	bearer token	bearer-токен (токен в заголовке Authorization)	bearer	The access token is sent as a bearer token in the Authorization header.	Access-токен отправляется как bearer-токен в заголовке Authorization.
API & security	API, auth & security	token rotation	ротация токенов	refresh token rotation	With token rotation every refresh token is single-use.	При ротации токенов каждый refresh-токен одноразовый.
API & security	API, auth & security	to revoke	отзывать (токен, доступ)	revoke|revocation	On logout I revoke the refresh token.	При выходе я отзываю refresh-токен.
API & security	API, auth & security	hashing vs encryption	хеширование vs шифрование	hashing|encryption	Passwords need hashing, not encryption: you never decrypt them.	Паролям нужно хеширование, а не шифрование: их никогда не расшифровывают.
API & security	API, auth & security	salt	соль (случайная добавка к паролю перед хешированием)	salted	bcrypt adds a salt so equal passwords get different hashes.	bcrypt добавляет соль, поэтому одинаковые пароли получают разные хеши.
API & security	API, auth & security	least privilege	минимальные привилегии (принцип)	principle of least privilege	IAM roles follow least privilege: only the permissions the service needs.	IAM-роли следуют принципу минимальных привилегий: только нужные сервису права.
API & security	API, auth & security	attack surface	поверхность атаки		Fewer exposed endpoints means a smaller attack surface.	Меньше открытых эндпоинтов — меньше поверхность атаки.
API & security	API, auth & security	cache hit / miss	попадание / промах кэша	cache hit|cache miss	On a cache miss I load from the database and store the result.	При промахе кэша я загружаю из базы и сохраняю результат.
API & security	API, auth & security	TTL	время жизни (time to live)	time to live	Each cached key has a TTL of 60 seconds.	У каждого ключа в кэше время жизни 60 секунд.
API & security	API, auth & security	cache invalidation	инвалидация кэша	invalidation	Cache invalidation: delete the key when the entity changes.	Инвалидация кэша: удаляем ключ, когда сущность меняется.
Testing & DevOps	Testing & DevOps	test pyramid	пирамида тестирования	testing pyramid	The test pyramid: many unit tests, fewer integration, few e2e.	Пирамида тестирования: много юнит-тестов, меньше интеграционных, мало e2e.
Testing & DevOps	Testing & DevOps	test double	тестовый дублёр (общее название для mock, stub, spy, fake)	test doubles	Stubs, mocks, spies and fakes are all test doubles.	Стабы, моки, шпионы и фейки — всё это тестовые дублёры.
Testing & DevOps	Testing & DevOps	to mock / stub	мокать / подменять заглушкой	mock|stub|to mock|to stub	I mock the repository and stub its findUnique method.	Я мокаю репозиторий и подменяю его метод findUnique заглушкой.
Testing & DevOps	Testing & DevOps	flaky test	нестабильный тест (то падает, то проходит)	flaky	A flaky test depends on timing or shared state.	Нестабильный тест зависит от тайминга или общего состояния.
Testing & DevOps	Testing & DevOps	regression	регрессия (сломалось то, что работало)	regression bug	The test caught a regression after the refactor.	Тест поймал регрессию после рефакторинга.
Testing & DevOps	Testing & DevOps	code coverage	покрытие кода тестами	coverage	Code coverage is a signal, not a goal.	Покрытие кода — сигнал, а не цель.
Testing & DevOps	Testing & DevOps	to rebase onto main	перебазировать (ветку) на main	rebase onto main|rebase	I rebase my branch onto main before opening the PR.	Я перебазирую ветку на main перед открытием PR.
Testing & DevOps	Testing & DevOps	to squash commits	склеить (объединить) коммиты	squash commits|squash	I squash fixup commits before review.	Я склеиваю мелкие fixup-коммиты перед ревью.
Testing & DevOps	Testing & DevOps	merge conflict	конфликт слияния	conflict	Rebasing often means resolving the merge conflict early.	Частое перебазирование означает, что конфликт слияния решается рано.
Testing & DevOps	Testing & DevOps	image layer	слой образа (Docker)	layer	Each Dockerfile instruction adds an image layer.	Каждая инструкция Dockerfile добавляет слой образа.
Testing & DevOps	Testing & DevOps	build cache	кэш сборки	layer cache	Copying package.json first keeps the dependency layer in the build cache.	Копирование package.json первым сохраняет слой зависимостей в кэше сборки.
Testing & DevOps	Testing & DevOps	rollback	откат (релиза)	roll back|to roll back	Every deploy has a rollback ready: redeploy the previous image tag.	У каждого деплоя готов откат: заново развернуть предыдущий тег образа.
Testing & DevOps	Testing & DevOps	infrastructure as code	инфраструктура как код	IaC	Terraform is infrastructure as code: the environment is described in files.	Terraform — это инфраструктура как код: окружение описано в файлах.
Architecture	Architecture & behavioral	separation of concerns	разделение ответственности	SoC	Controller, service and repository: separation of concerns.	Контроллер, сервис и репозиторий — разделение ответственности.
Architecture	Architecture & behavioral	loose coupling / high cohesion	слабая связанность / высокая связность	loose coupling|high cohesion	Good modules have loose coupling and high cohesion.	У хороших модулей слабая связанность и высокая связность.
Architecture	Architecture & behavioral	single point of failure	единая точка отказа	SPOF	One database instance is a single point of failure.	Один экземпляр базы данных — единая точка отказа.
Architecture	Architecture & behavioral	horizontal vs vertical scaling	горизонтальное vs вертикальное масштабирование	horizontal scaling|vertical scaling	Vertical scaling is a bigger server; horizontal scaling is more servers.	Вертикальное масштабирование — сервер мощнее; горизонтальное — серверов больше.
Architecture	Architecture & behavioral	eventual consistency	согласованность в конечном счёте	eventually consistent	Read replicas give eventual consistency: data catches up with a small delay.	Реплики для чтения дают согласованность в конечном счёте: данные догоняют с небольшой задержкой.
Architecture	Architecture & behavioral	throughput / latency	пропускная способность / задержка	throughput|latency	A queue raises throughput but adds latency.	Очередь повышает пропускную способность, но добавляет задержку.
Architecture	Architecture & behavioral	let me clarify the requirements first	позвольте сначала уточнить требования	let me clarify the requirements|clarify the requirements	Let me clarify the requirements first: how many requests per second do we expect?	Позвольте сначала уточнить требования: сколько запросов в секунду мы ожидаем?
Architecture	Architecture & behavioral	the trade-off here is…	компромисс здесь в том, что…	the trade-off here is|trade-off here	The trade-off here is simplicity versus independent scaling.	Компромисс здесь — простота против независимого масштабирования.
Architecture	Architecture & behavioral	in hindsight, I would…	оглядываясь назад, я бы…	in hindsight I would|in hindsight	In hindsight, I would have added integration tests before the migration.	Оглядываясь назад, я бы добавил интеграционные тесты до миграции.
Architecture	Architecture & behavioral	I took ownership of…	я взял на себя ответственность за…	I took ownership of|took ownership|take ownership	I took ownership of the release process and wrote the checklist.	Я взял на себя ответственность за процесс релиза и написал чеклист.
