# deck	word	pinyin	translation (ru)
01 · People	我	wǒ	я
01 · People	我们	wǒmen	мы
01 · People	你	nǐ	ты
01 · People	你们	nǐmen	вы (мн. ч.)
01 · People	您	nín	Вы (вежливо)
01 · People	他	tā	он
01 · People	他们	tāmen	они
01 · People	她	tā	она
01 · People	她们	tāmen	они (о женщинах)
01 · People	它	tā	оно (о предметах, животных)
01 · People	它们	tāmen	они (о предметах, животных)
01 · People	大家	dàjiā	все, все вместе
01 · People	谁	shéi	кто
01 · People	人	rén	человек, люди
01 · People	们	men	суффикс множественного числа
01 · People	男	nán	мужской, мужчина
01 · People	女	nǚ	женский, женщина
01 · People	先生	xiānsheng	господин, муж
01 · People	女士	nǚshì	госпожа, дама
02 · Family and friends	爸爸	bàba	папа
02 · Family and friends	妈妈	māma	мама
02 · Family and friends	哥哥	gēge	старший брат
02 · Family and friends	姐姐	jiějie	старшая сестра
02 · Family and friends	弟弟	dìdi	младший брат
02 · Family and friends	妹妹	mèimei	младшая сестра
02 · Family and friends	儿子	érzi	сын
02 · Family and friends	女儿	nǚ'ér	дочь
02 · Family and friends	孩子	háizi	ребёнок
02 · Family and friends	家	jiā	дом, семья
02 · Family and friends	家人	jiārén	родные, член семьи
02 · Family and friends	朋友	péngyou	друг
02 · Family and friends	男朋友	nánpéngyou	парень, бойфренд
02 · Family and friends	女朋友	nǚpéngyou	девушка (подруга)
02 · Family and friends	小朋友	xiǎopéngyǒu	малыш, ребёнок
02 · Family and friends	同学	tóngxué	одноклассник, однокурсник
03 · Polite words	谢谢	xièxie	спасибо
03 · Polite words	不客气	bù kèqi	не за что, пожалуйста
03 · Polite words	对不起	duìbuqǐ	извините, простите
03 · Polite words	没关系	méi guānxi	ничего страшного
03 · Polite words	再见	zàijiàn	до свидания
03 · Polite words	请	qǐng	пожалуйста; приглашать
03 · Polite words	请问	qǐngwèn	скажите, пожалуйста
03 · Polite words	喂	wéi	алло
03 · Polite words	好	hǎo	хороший, хорошо
03 · Polite words	对	duì	правильно, верно
03 · Polite words	不要	bú yào	не надо
03 · Polite words	名字	míngzi	имя
03 · Polite words	叫	jiào	звать, называться
03 · Polite words	认识	rènshi	знать (кого-то), познакомиться
04 · Numbers	一	yī	один
04 · Numbers	二	èr	два
04 · Numbers	三	sān	три
04 · Numbers	四	sì	четыре
04 · Numbers	五	wǔ	пять
04 · Numbers	六	liù	шесть
04 · Numbers	七	qī	семь
04 · Numbers	八	bā	восемь
04 · Numbers	九	jiǔ	девять
04 · Numbers	十	shí	десять
04 · Numbers	零	líng	ноль
04 · Numbers	百	bǎi	сто
04 · Numbers	千	qiān	тысяча
04 · Numbers	两	liǎng	два (перед счётным словом)
04 · Numbers	半	bàn	половина, пол-
04 · Numbers	一半	yíbàn	половина
04 · Numbers	几	jǐ	сколько (до десяти), несколько
04 · Numbers	多少	duōshao	сколько
04 · Numbers	第	dì	префикс порядкового числа
05 · Counting words	个	gè	штука (общее счётное слово)
05 · Counting words	本	běn	счётное слово для книг
05 · Counting words	件	jiàn	счётное слово для одежды, дел
05 · Counting words	口	kǒu	рот; счётное слово для членов семьи
05 · Counting words	只	zhī	счётное слово для животных
05 · Counting words	些	xiē	несколько, некоторые
05 · Counting words	一些	yìxiē	несколько, немного
05 · Counting words	有些	yǒuxiē	некоторые; немного
05 · Counting words	有的	yǒude	некоторые
05 · Counting words	一点儿	yìdiǎnr	немного, чуть-чуть
05 · Counting words	有点儿	yǒudiǎnr	немного, слегка
05 · Counting words	多	duō	много
05 · Counting words	少	shǎo	мало
06 · Shopping	钱	qián	деньги
06 · Shopping	块	kuài	юань (разг.); кусок
06 · Shopping	元	yuán	юань
06 · Shopping	买	mǎi	покупать
06 · Shopping	卖	mài	продавать
06 · Shopping	贵	guì	дорогой
06 · Shopping	便宜	piányi	дешёвый
06 · Shopping	商店	shāngdiàn	магазин
06 · Shopping	超市	chāoshì	супермаркет
06 · Shopping	店	diàn	магазин, лавка
06 · Shopping	书店	shūdiàn	книжный магазин
06 · Shopping	东西	dōngxi	вещь, вещи
07 · Days and dates	今天	jīntiān	сегодня
07 · Days and dates	明天	míngtiān	завтра
07 · Days and dates	昨天	zuótiān	вчера
07 · Days and dates	今年	jīnnián	в этом году
07 · Days and dates	明年	míngnián	в следующем году
07 · Days and dates	去年	qùnián	в прошлом году
07 · Days and dates	年	nián	год
07 · Days and dates	月	yuè	месяц; луна
07 · Days and dates	日	rì	число, день; солнце
07 · Days and dates	号	hào	число (дата); номер
07 · Days and dates	天	tiān	день; небо
07 · Days and dates	星期	xīngqī	неделя
07 · Days and dates	星期日	xīngqīrì	воскресенье
07 · Days and dates	星期天	xīngqītiān	воскресенье
07 · Days and dates	岁	suì	год (о возрасте)
08 · Time of day	点	diǎn	час (о времени); точка
08 · Time of day	分	fēn	минута; фэнь (монета)
08 · Time of day	分钟	fēnzhōng	минута
08 · Time of day	小时	xiǎoshí	час (длительность)
08 · Time of day	时候	shíhou	время, когда
08 · Time of day	时间	shíjiān	время
08 · Time of day	现在	xiànzài	сейчас
08 · Time of day	正在	zhèngzài	как раз (делать что-то)
08 · Time of day	早上	zǎoshang	утро, утром
08 · Time of day	上午	shàngwǔ	первая половина дня, утро
08 · Time of day	中午	zhōngwǔ	полдень
08 · Time of day	下午	xiàwǔ	вторая половина дня
08 · Time of day	晚上	wǎnshang	вечер, вечером
08 · Time of day	白天	báitiān	днём, дневное время
08 · Time of day	早	zǎo	рано; доброе утро
08 · Time of day	晚	wǎn	поздно; вечер
09 · Food and drink	吃	chī	есть, кушать
09 · Food and drink	喝	hē	пить
09 · Food and drink	饭	fàn	еда; варёный рис
09 · Food and drink	米饭	mǐfàn	варёный рис
09 · Food and drink	面包	miànbāo	хлеб
09 · Food and drink	面条儿	miàntiáor	лапша
09 · Food and drink	包子	bāozi	баоцзы (пирожок на пару)
09 · Food and drink	饺子	jiǎozi	цзяоцзы (пельмени)
09 · Food and drink	鸡蛋	jīdàn	куриное яйцо
09 · Food and drink	牛奶	niúnǎi	молоко
09 · Food and drink	茶	chá	чай
09 · Food and drink	水	shuǐ	вода
09 · Food and drink	水果	shuǐguǒ	фрукты
09 · Food and drink	苹果	píngguǒ	яблоко
09 · Food and drink	菜	cài	блюдо; овощи
09 · Food and drink	杯子	bēizi	стакан, чашка
09 · Food and drink	好吃	hǎochī	вкусный
09 · Food and drink	早饭	zǎofàn	завтрак
09 · Food and drink	午饭	wǔfàn	обед
09 · Food and drink	晚饭	wǎnfàn	ужин
09 · Food and drink	做饭	zuòfàn	готовить еду
09 · Food and drink	饭店	fàndiàn	ресторан; гостиница
10 · Home and things	房间	fángjiān	комната
10 · Home and things	桌子	zhuōzi	стол
10 · Home and things	椅子	yǐzi	стул
10 · Home and things	衣服	yīfu	одежда
10 · Home and things	穿	chuān	надевать, носить
10 · Home and things	手机	shǒujī	мобильный телефон
10 · Home and things	电话	diànhuà	телефон
10 · Home and things	打电话	dǎ diànhuà	звонить по телефону
10 · Home and things	电脑	diànnǎo	компьютер
10 · Home and things	电视	diànshì	телевизор
10 · Home and things	电影	diànyǐng	фильм, кино
10 · Home and things	狗	gǒu	собака
10 · Home and things	猫	māo	кошка
11 · Places and transport	学校	xuéxiào	школа
11 · Places and transport	医院	yīyuàn	больница
11 · Places and transport	电影院	diànyǐngyuàn	кинотеатр
11 · Places and transport	公司	gōngsī	компания, фирма
11 · Places and transport	中国	Zhōngguó	Китай
11 · Places and transport	国	guó	страна, государство
11 · Places and transport	车	chē	машина, транспорт
11 · Places and transport	出租车	chūzūchē	такси
11 · Places and transport	火车	huǒchē	поезд
11 · Places and transport	飞机	fēijī	самолёт
11 · Places and transport	开车	kāichē	водить машину
11 · Places and transport	开	kāi	открывать; вести (машину)
12 · School	学	xué	учить, учиться
12 · School	学习	xuéxí	учиться, изучать
12 · School	学生	xuésheng	ученик, студент
12 · School	老师	lǎoshī	учитель
12 · School	大学	dàxué	университет
12 · School	大学生	dàxuéshēng	студент университета
12 · School	小学	xiǎoxué	начальная школа
12 · School	小学生	xiǎoxuéshēng	школьник (младших классов)
12 · School	中学	zhōngxué	средняя школа
12 · School	中学生	zhōngxuéshēng	ученик средней школы
12 · School	课	kè	урок, занятие
12 · School	上课	shàngkè	идти на урок, начинать занятие
12 · School	下课	xiàkè	заканчивать урок
12 · School	上学	shàngxué	ходить в школу
12 · School	问题	wèntí	вопрос; проблема
13 · Language and work	汉语	Hànyǔ	китайский язык
13 · Language and work	中文	Zhōngwén	китайский язык
13 · Language and work	汉字	Hànzì	китайский иероглиф
13 · Language and work	字	zì	иероглиф, знак
13 · Language and work	书	shū	книга
13 · Language and work	读	dú	читать
13 · Language and work	读书	dúshū	читать; учиться
13 · Language and work	写	xiě	писать
13 · Language and work	说	shuō	говорить
13 · Language and work	说话	shuōhuà	разговаривать
13 · Language and work	问	wèn	спрашивать
13 · Language and work	工作	gōngzuò	работа; работать
13 · Language and work	事	shì	дело
13 · Language and work	上班	shàngbān	идти на работу
13 · Language and work	下班	xiàbān	заканчивать работу
14 · Going and doing	来	lái	приходить
14 · Going and doing	去	qù	идти, ехать
14 · Going and doing	到	dào	прибывать; до
14 · Going and doing	回	huí	возвращаться
14 · Going and doing	坐	zuò	сидеть; ехать (на транспорте)
14 · Going and doing	住	zhù	жить (где-то)
14 · Going and doing	找	zhǎo	искать
14 · Going and doing	给	gěi	давать; для
14 · Going and doing	做	zuò	делать
14 · Going and doing	玩	wán	играть, развлекаться
14 · Going and doing	休息	xiūxi	отдыхать
14 · Going and doing	起床	qǐchuáng	вставать (с постели)
14 · Going and doing	睡	shuì	спать
14 · Going and doing	睡觉	shuìjiào	спать, ложиться спать
14 · Going and doing	唱	chàng	петь
14 · Going and doing	歌	gē	песня
15 · Seeing and knowing	看	kàn	смотреть
15 · Seeing and knowing	看见	kànjiàn	увидеть
15 · Seeing and knowing	见	jiàn	видеть, встречать
15 · Seeing and knowing	听	tīng	слушать
15 · Seeing and knowing	听见	tīngjiàn	услышать
15 · Seeing and knowing	想	xiǎng	думать; хотеть
15 · Seeing and knowing	觉得	juéde	считать, чувствовать
15 · Seeing and knowing	知道	zhīdào	знать
15 · Seeing and knowing	会	huì	уметь; будет
15 · Seeing and knowing	能	néng	мочь
15 · Seeing and knowing	可以	kěyǐ	можно, мочь
15 · Seeing and knowing	要	yào	хотеть; надо
15 · Seeing and knowing	爱	ài	любить
15 · Seeing and knowing	喜欢	xǐhuan	нравиться, любить
16 · Describing	大	dà	большой
16 · Describing	小	xiǎo	маленький
16 · Describing	新	xīn	новый
16 · Describing	高兴	gāoxìng	радостный, рад
16 · Describing	忙	máng	занятой
16 · Describing	漂亮	piàoliang	красивый
16 · Describing	好看	hǎokàn	красивый, интересный (на вид)
16 · Describing	好听	hǎotīng	приятный на слух
16 · Describing	好玩儿	hǎowánr	интересный, весёлый
16 · Describing	非常	fēicháng	очень, чрезвычайно
16 · Describing	很	hěn	очень
16 · Describing	太	tài	слишком
16 · Describing	真	zhēn	действительно, по-настоящему
17 · Weather and health	天气	tiānqì	погода
17 · Weather and health	冷	lěng	холодный
17 · Weather and health	热	rè	жаркий, горячий
17 · Weather and health	雨	yǔ	дождь
17 · Weather and health	下雨	xià yǔ	идёт дождь
17 · Weather and health	雪	xuě	снег
17 · Weather and health	病	bìng	болезнь; болеть
17 · Weather and health	生病	shēngbìng	заболеть
17 · Weather and health	看病	kànbìng	идти к врачу; лечить
17 · Weather and health	医生	yīshēng	врач
18 · Where	这	zhè	этот
18 · Where	那	nà	тот
18 · Where	哪	nǎ	какой, который
18 · Where	这儿	zhèr	здесь
18 · Where	那儿	nàr	там
18 · Where	哪儿	nǎr	где, куда
18 · Where	这里	zhèlǐ	здесь
18 · Where	那里	nàlǐ	там
18 · Where	哪里	nǎlǐ	где
18 · Where	这边	zhèbiān	с этой стороны, здесь
18 · Where	那边	nàbiān	там, с той стороны
18 · Where	这些	zhèxiē	эти
18 · Where	那些	nàxiē	те
18 · Where	哪些	nǎxiē	какие
19 · Position	上	shàng	верх, на; предыдущий
19 · Position	下	xià	низ, под; следующий
19 · Position	前	qián	перед, впереди
19 · Position	后	hòu	после, сзади
19 · Position	里	lǐ	внутри
19 · Position	外	wài	снаружи
19 · Position	外边	wàibian	снаружи, на улице
19 · Position	边	biān	сторона, край
19 · Position	在	zài	находиться; в
20 · Little words	什么	shénme	что, какой
20 · Little words	怎么	zěnme	как, почему
20 · Little words	怎么样	zěnmeyàng	как, каково
20 · Little words	吗	ma	вопросительная частица
20 · Little words	呢	ne	частица «а ...?»
20 · Little words	吧	ba	частица предложения, «давай»
20 · Little words	是	shì	быть, являться; да
20 · Little words	不	bù	не, нет
20 · Little words	没有	méiyǒu	не иметь; нет
20 · Little words	有	yǒu	иметь, есть
20 · Little words	的	de	частица принадлежности
20 · Little words	了	le	частица завершённого действия
20 · Little words	和	hé	и, с
20 · Little words	也	yě	тоже
20 · Little words	都	dōu	все, всё
20 · Little words	还	hái	ещё
20 · Little words	再	zài	снова, ещё раз
